-- PROYECTO FINAL - BASES DE DATOS II - 2024-1
---- JUAN JOSÉ HERRERA OROZCO
---- SAMUEL ECHEVERRI BLANDÓN


-- POBLACIÓN DE DATOS --------------------------------------------------------

INSERT INTO ESTUDIANTES (ID_ESTUDIANTE, NOMBRE, APELLIDO, EMAIL, CONTRASENA, SEMESTRE) 
VALUES (1, 'Juan', 'González', 'juan.gonzalez@example.com', 'contraseña123', 3);

INSERT INTO ESTUDIANTES (ID_ESTUDIANTE, NOMBRE, APELLIDO, EMAIL, CONTRASENA, SEMESTRE) 
VALUES (2, 'María', 'López', 'maria.lopez@example.com', 'password456', 2);

INSERT INTO ESTUDIANTES (ID_ESTUDIANTE, NOMBRE, APELLIDO, EMAIL, CONTRASENA, SEMESTRE) 
VALUES (3, 'Pedro', 'Martínez', 'pedro.martinez@example.com', 'securepwd789', 4);

INSERT INTO ESTUDIANTES (ID_ESTUDIANTE, NOMBRE, APELLIDO, EMAIL, CONTRASENA, SEMESTRE) 
VALUES (4, 'Ana', 'Rodríguez', 'ana.rodriguez@example.com', 'studentpwd123', 3);

INSERT INTO ESTUDIANTES (ID_ESTUDIANTE, NOMBRE, APELLIDO, EMAIL, CONTRASENA, SEMESTRE) 
VALUES (5, 'Laura', 'Fernández', 'laura.fernandez@example.com', 'test123', 2);

INSERT INTO ESTUDIANTES (ID_ESTUDIANTE, NOMBRE, APELLIDO, EMAIL, CONTRASENA, SEMESTRE) 
VALUES (6, 'David', 'Pérez', 'david.perez@example.com', 'pass123', 4);

INSERT INTO ESTUDIANTES (ID_ESTUDIANTE, NOMBRE, APELLIDO, EMAIL, CONTRASENA, SEMESTRE) 
VALUES (7, 'Sofía', 'García', 'sofia.garcia@example.com', 'student123', 3);

INSERT INTO ESTUDIANTES (ID_ESTUDIANTE, NOMBRE, APELLIDO, EMAIL, CONTRASENA, SEMESTRE) 
VALUES (8, 'Diego', 'Hernández', 'diego.hernandez@example.com', 'student456', 2);

INSERT INTO ESTUDIANTES (ID_ESTUDIANTE, NOMBRE, APELLIDO, EMAIL, CONTRASENA, SEMESTRE) 
VALUES (9, 'Carla', 'Sánchez', 'carla.sanchez@example.com', 'password789', 4);

INSERT INTO ESTUDIANTES (ID_ESTUDIANTE, NOMBRE, APELLIDO, EMAIL, CONTRASENA, SEMESTRE) 
VALUES (10, 'Marcos', 'Gómez', 'marcos.gomez@example.com', 'test456', 3);

INSERT INTO ESTUDIANTES (ID_ESTUDIANTE, NOMBRE, APELLIDO, EMAIL, CONTRASENA, SEMESTRE) 
VALUES (11, 'Elena', 'Díaz', 'elena.diaz@example.com', 'student789', 2);

INSERT INTO ESTUDIANTES (ID_ESTUDIANTE, NOMBRE, APELLIDO, EMAIL, CONTRASENA, SEMESTRE) 
VALUES (12, 'Javier', 'Muñoz', 'javier.munoz@example.com', 'pass456', 4);

INSERT INTO ESTUDIANTES (ID_ESTUDIANTE, NOMBRE, APELLIDO, EMAIL, CONTRASENA, SEMESTRE) 
VALUES (13, 'Paula', 'Vázquez', 'paula.vazquez@example.com', 'student789', 3);

INSERT INTO ESTUDIANTES (ID_ESTUDIANTE, NOMBRE, APELLIDO, EMAIL, CONTRASENA, SEMESTRE) 
VALUES (14, 'Alejandro', 'Romero', 'alejandro.romero@example.com', 'student789', 2);

INSERT INTO ESTUDIANTES (ID_ESTUDIANTE, NOMBRE, APELLIDO, EMAIL, CONTRASENA, SEMESTRE) 
VALUES (15, 'Carmen', 'Torres', 'carmen.torres@example.com', 'password789', 4);

INSERT INTO ESTUDIANTES (ID_ESTUDIANTE, NOMBRE, APELLIDO, EMAIL, CONTRASENA, SEMESTRE) 
VALUES (16, 'Miguel', 'López', 'miguel.lopez@example.com', 'test789', 3);

INSERT INTO ESTUDIANTES (ID_ESTUDIANTE, NOMBRE, APELLIDO, EMAIL, CONTRASENA, SEMESTRE) 
VALUES (17, 'Lucía', 'González', 'lucia.gonzalez@example.com', 'student123', 2);

INSERT INTO ESTUDIANTES (ID_ESTUDIANTE, NOMBRE, APELLIDO, EMAIL, CONTRASENA, SEMESTRE) 
VALUES (18, 'Carlos', 'Pérez', 'carlos.perez@example.com', 'student456', 4);

INSERT INTO ESTUDIANTES (ID_ESTUDIANTE, NOMBRE, APELLIDO, EMAIL, CONTRASENA, SEMESTRE) 
VALUES (19, 'Sara', 'Martínez', 'sara.martinez@example.com', 'password123', 3);

INSERT INTO ESTUDIANTES (ID_ESTUDIANTE, NOMBRE, APELLIDO, EMAIL, CONTRASENA, SEMESTRE) 
VALUES (20, 'Antonio', 'Sánchez', 'antonio.sanchez@example.com', 'password456', 2);

INSERT INTO ESTUDIANTES (ID_ESTUDIANTE, NOMBRE, APELLIDO, EMAIL, CONTRASENA, SEMESTRE) 
VALUES (21, 'Lorena', 'Gómez', 'lorena.gomez@example.com', 'password789', 4);

INSERT INTO ESTUDIANTES (ID_ESTUDIANTE, NOMBRE, APELLIDO, EMAIL, CONTRASENA, SEMESTRE) 
VALUES (22, 'Pablo', 'Fernández', 'pablo.fernandez@example.com', 'password123', 3);

INSERT INTO ESTUDIANTES (ID_ESTUDIANTE, NOMBRE, APELLIDO, EMAIL, CONTRASENA, SEMESTRE) 
VALUES (23, 'Eva', 'Díaz', 'eva.diaz@example.com', 'test456', 2);

INSERT INTO ESTUDIANTES (ID_ESTUDIANTE, NOMBRE, APELLIDO, EMAIL, CONTRASENA, SEMESTRE) 
VALUES (24, 'Iván', 'Martínez', 'ivan.martinez@example.com', 'test789', 4);

INSERT INTO ESTUDIANTES (ID_ESTUDIANTE, NOMBRE, APELLIDO, EMAIL, CONTRASENA, SEMESTRE) 
VALUES (25, 'Natalia', 'Pérez', 'natalia.perez@example.com', 'password123', 3);


INSERT INTO MATERIAS (ID_MATERIA, NOMBRE, HORAS_SEMANA, CREDITOS) 
VALUES (101, 'Matemáticas', 4, 5);

INSERT INTO MATERIAS (ID_MATERIA, NOMBRE, HORAS_SEMANA, CREDITOS) 
VALUES (102, 'Física', 3, 4);

INSERT INTO MATERIAS (ID_MATERIA, NOMBRE, HORAS_SEMANA, CREDITOS) 
VALUES (103, 'Química', 3, 4);

INSERT INTO MATERIAS (ID_MATERIA, NOMBRE, HORAS_SEMANA, CREDITOS) 
VALUES (104, 'Historia', 2, 3);

INSERT INTO MATERIAS (ID_MATERIA, NOMBRE, HORAS_SEMANA, CREDITOS) 
VALUES (105, 'Literatura', 2, 3);

INSERT INTO MATERIAS (ID_MATERIA, NOMBRE, HORAS_SEMANA, CREDITOS) 
VALUES (106, 'Biología', 3, 4);

INSERT INTO MATERIAS (ID_MATERIA, NOMBRE, HORAS_SEMANA, CREDITOS) 
VALUES (107, 'Inglés', 3, 4);

INSERT INTO MATERIAS (ID_MATERIA, NOMBRE, HORAS_SEMANA, CREDITOS) 
VALUES (108, 'Educación Física', 2, 2);

INSERT INTO MATERIAS (ID_MATERIA, NOMBRE, HORAS_SEMANA, CREDITOS) 
VALUES (109, 'Informática', 3, 4);

INSERT INTO MATERIAS (ID_MATERIA, NOMBRE, HORAS_SEMANA, CREDITOS) 
VALUES (110, 'Economía', 2, 3);

INSERT INTO MATERIAS (ID_MATERIA, NOMBRE, HORAS_SEMANA, CREDITOS) 
VALUES (111, 'Geografía', 2, 3);

INSERT INTO MATERIAS (ID_MATERIA, NOMBRE, HORAS_SEMANA, CREDITOS) 
VALUES (112, 'Arte', 2, 2);

INSERT INTO MATERIAS (ID_MATERIA, NOMBRE, HORAS_SEMANA, CREDITOS) 
VALUES (113, 'Filosofía', 2, 3);

INSERT INTO MATERIAS (ID_MATERIA, NOMBRE, HORAS_SEMANA, CREDITOS) 
VALUES (114, 'Ciencias Sociales', 2, 3);

INSERT INTO MATERIAS (ID_MATERIA, NOMBRE, HORAS_SEMANA, CREDITOS) 
VALUES (115, 'Música', 2, 2);

INSERT INTO MATERIAS (ID_MATERIA, NOMBRE, HORAS_SEMANA, CREDITOS) 
VALUES (116, 'Religión', 2, 2);

INSERT INTO MATERIAS (ID_MATERIA, NOMBRE, HORAS_SEMANA, CREDITOS) 
VALUES (117, 'Ciencias Naturales', 3, 4);

INSERT INTO MATERIAS (ID_MATERIA, NOMBRE, HORAS_SEMANA, CREDITOS) 
VALUES (118, 'Psicología', 2, 3);

INSERT INTO MATERIAS (ID_MATERIA, NOMBRE, HORAS_SEMANA, CREDITOS) 
VALUES (119, 'Sociología', 2, 3);

INSERT INTO MATERIAS (ID_MATERIA, NOMBRE, HORAS_SEMANA, CREDITOS) 
VALUES (120, 'Dibujo Técnico', 3, 4);

INSERT INTO MATERIAS (ID_MATERIA, NOMBRE, HORAS_SEMANA, CREDITOS) 
VALUES (121, 'Tecnología', 3, 4);

INSERT INTO MATERIAS (ID_MATERIA, NOMBRE, HORAS_SEMANA, CREDITOS) 
VALUES (122, 'Ética', 2, 3);

INSERT INTO MATERIAS (ID_MATERIA, NOMBRE, HORAS_SEMANA, CREDITOS) 
VALUES (123, 'Ciencias Políticas', 2, 3);

INSERT INTO MATERIAS (ID_MATERIA, NOMBRE, HORAS_SEMANA, CREDITOS) 
VALUES (124, 'Antropología', 2, 3);

INSERT INTO MATERIAS (ID_MATERIA, NOMBRE, HORAS_SEMANA, CREDITOS) 
VALUES (125, 'Literatura Universal', 2, 3);


INSERT INTO PROFESORES (ID_PROFESOR, NOMBRE, APELLIDO, EMAIL, CONTRASENA, ID_MATERIA) 
VALUES (1, 'Luis', 'García', 'luis.garcia@example.com', 'teacherpwd123', 101);

INSERT INTO PROFESORES (ID_PROFESOR, NOMBRE, APELLIDO, EMAIL, CONTRASENA, ID_MATERIA) 
VALUES (2, 'María', 'Martínez', 'maria.martinez@example.com', 'teacherpwd456', 102);

INSERT INTO PROFESORES (ID_PROFESOR, NOMBRE, APELLIDO, EMAIL, CONTRASENA, ID_MATERIA) 
VALUES (3, 'Pedro', 'López', 'pedro.lopez@example.com', 'secureteacher789', 103);

INSERT INTO PROFESORES (ID_PROFESOR, NOMBRE, APELLIDO, EMAIL, CONTRASENA, ID_MATERIA) 
VALUES (4, 'Ana', 'Hernández', 'ana.hernandez@example.com', 'teacher123', 104);

INSERT INTO PROFESORES (ID_PROFESOR, NOMBRE, APELLIDO, EMAIL, CONTRASENA, ID_MATERIA) 
VALUES (5, 'Carlos', 'Fernández', 'carlos.fernandez@example.com', 'teacher456', 105);

INSERT INTO PROFESORES (ID_PROFESOR, NOMBRE, APELLIDO, EMAIL, CONTRASENA, ID_MATERIA) 
VALUES (6, 'Laura', 'Gómez', 'laura.gomez@example.com', 'teacher789', 106);

INSERT INTO PROFESORES (ID_PROFESOR, NOMBRE, APELLIDO, EMAIL, CONTRASENA, ID_MATERIA) 
VALUES (7, 'Javier', 'Martínez', 'javier.martinez@example.com', 'teacherpwd123', 107);

INSERT INTO PROFESORES (ID_PROFESOR, NOMBRE, APELLIDO, EMAIL, CONTRASENA, ID_MATERIA) 
VALUES (8, 'Eva', 'García', 'eva.garcia@example.com', 'teacherpwd456', 108);

INSERT INTO PROFESORES (ID_PROFESOR, NOMBRE, APELLIDO, EMAIL, CONTRASENA, ID_MATERIA) 
VALUES (9, 'Diego', 'Sánchez', 'diego.sanchez@example.com', 'teacherpwd789', 109);

INSERT INTO PROFESORES (ID_PROFESOR, NOMBRE, APELLIDO, EMAIL, CONTRASENA, ID_MATERIA) 
VALUES (10, 'Sara', 'Rodríguez', 'sara.rodriguez@example.com', 'teacher123', 110);

INSERT INTO PROFESORES (ID_PROFESOR, NOMBRE, APELLIDO, EMAIL, CONTRASENA, ID_MATERIA) 
VALUES (11, 'Pablo', 'González', 'pablo.gonzalez@example.com', 'teacher456', 111);

INSERT INTO PROFESORES (ID_PROFESOR, NOMBRE, APELLIDO, EMAIL, CONTRASENA, ID_MATERIA) 
VALUES (12, 'Lucía', 'Muñoz', 'lucia.munoz@example.com', 'teacher789', 112);

INSERT INTO PROFESORES (ID_PROFESOR, NOMBRE, APELLIDO, EMAIL, CONTRASENA, ID_MATERIA) 
VALUES (13, 'Marina', 'Hernández', 'marina.hernandez@example.com', 'secureteacher123', 113);

INSERT INTO PROFESORES (ID_PROFESOR, NOMBRE, APELLIDO, EMAIL, CONTRASENA, ID_MATERIA) 
VALUES (14, 'Roberto', 'Fernández', 'roberto.fernandez@example.com', 'secureteacher456', 114);

INSERT INTO PROFESORES (ID_PROFESOR, NOMBRE, APELLIDO, EMAIL, CONTRASENA, ID_MATERIA) 
VALUES (15, 'Natalia', 'González', 'natalia.gonzalez@example.com', 'secureteacher789', 115);

INSERT INTO PROFESORES (ID_PROFESOR, NOMBRE, APELLIDO, EMAIL, CONTRASENA, ID_MATERIA) 
VALUES (16, 'Jorge', 'Pérez', 'jorge.perez@example.com', 'teacher123', 116);

INSERT INTO PROFESORES (ID_PROFESOR, NOMBRE, APELLIDO, EMAIL, CONTRASENA, ID_MATERIA) 
VALUES (17, 'Clara', 'Sánchez', 'clara.sanchez@example.com', 'teacher456', 117);

INSERT INTO PROFESORES (ID_PROFESOR, NOMBRE, APELLIDO, EMAIL, CONTRASENA, ID_MATERIA) 
VALUES (18, 'Marta', 'Martínez', 'marta.martinez@example.com', 'teacher789', 118);

INSERT INTO PROFESORES (ID_PROFESOR, NOMBRE, APELLIDO, EMAIL, CONTRASENA, ID_MATERIA) 
VALUES (19, 'Alonso', 'Fernández', 'alonso.fernandez@example.com', 'teacherpwd123', 119);

INSERT INTO PROFESORES (ID_PROFESOR, NOMBRE, APELLIDO, EMAIL, CONTRASENA, ID_MATERIA) 
VALUES (20, 'Rafael', 'Gómez', 'rafael.gomez@example.com', 'teacherpwd456', 120);

INSERT INTO PROFESORES (ID_PROFESOR, NOMBRE, APELLIDO, EMAIL, CONTRASENA, ID_MATERIA) 
VALUES (21, 'Alicia', 'López', 'alicia.lopez@example.com', 'teacherpwd789', 121);

INSERT INTO PROFESORES (ID_PROFESOR, NOMBRE, APELLIDO, EMAIL, CONTRASENA, ID_MATERIA) 
VALUES (22, 'Daniel', 'Gómez', 'daniel.gomez@example.com', 'teacher123', 122);

INSERT INTO PROFESORES (ID_PROFESOR, NOMBRE, APELLIDO, EMAIL, CONTRASENA, ID_MATERIA) 
VALUES (23, 'María', 'Muñoz', 'maria.munoz@example.com', 'teacher456', 123);

INSERT INTO PROFESORES (ID_PROFESOR, NOMBRE, APELLIDO, EMAIL, CONTRASENA, ID_MATERIA) 
VALUES (24, 'Iván', 'Rodríguez', 'ivan.rodriguez@example.com', 'teacher789', 124);

INSERT INTO PROFESORES (ID_PROFESOR, NOMBRE, APELLIDO, EMAIL, CONTRASENA, ID_MATERIA) 
VALUES (25, 'Elena', 'Martínez', 'elena.martinez@mail.com', 'elena123', 125);


INSERT INTO GRUPOS (ID_GRUPO, NOMBRE, SALON_CLASE, ID_PROFESOR, ID_MATERIA) 
VALUES (1, 'Grupo A', 'A101', 1, 101);

INSERT INTO GRUPOS (ID_GRUPO, NOMBRE, SALON_CLASE, ID_PROFESOR, ID_MATERIA) 
VALUES (2, 'Grupo B', 'B201', 2, 102);

INSERT INTO GRUPOS (ID_GRUPO, NOMBRE, SALON_CLASE, ID_PROFESOR, ID_MATERIA) 
VALUES (3, 'Grupo C', 'C301', 3, 103);

INSERT INTO GRUPOS (ID_GRUPO, NOMBRE, SALON_CLASE, ID_PROFESOR, ID_MATERIA) 
VALUES (4, 'Grupo D', 'D401', 4, 104);

INSERT INTO GRUPOS (ID_GRUPO, NOMBRE, SALON_CLASE, ID_PROFESOR, ID_MATERIA) 
VALUES (5, 'Grupo E', 'E501', 5, 105);

INSERT INTO GRUPOS (ID_GRUPO, NOMBRE, SALON_CLASE, ID_PROFESOR, ID_MATERIA) 
VALUES (6, 'Grupo F', 'F601', 6, 106);

INSERT INTO GRUPOS (ID_GRUPO, NOMBRE, SALON_CLASE, ID_PROFESOR, ID_MATERIA) 
VALUES (7, 'Grupo G', 'G701', 7, 107);

INSERT INTO GRUPOS (ID_GRUPO, NOMBRE, SALON_CLASE, ID_PROFESOR, ID_MATERIA) 
VALUES (8, 'Grupo H', 'H801', 8, 108);

INSERT INTO GRUPOS (ID_GRUPO, NOMBRE, SALON_CLASE, ID_PROFESOR, ID_MATERIA) 
VALUES (9, 'Grupo I', 'I901', 9, 109);

INSERT INTO GRUPOS (ID_GRUPO, NOMBRE, SALON_CLASE, ID_PROFESOR, ID_MATERIA) 
VALUES (10, 'Grupo J', 'J1001', 10, 110);

INSERT INTO GRUPOS (ID_GRUPO, NOMBRE, SALON_CLASE, ID_PROFESOR, ID_MATERIA) 
VALUES (11, 'Grupo K', 'K1101', 11, 111);

INSERT INTO GRUPOS (ID_GRUPO, NOMBRE, SALON_CLASE, ID_PROFESOR, ID_MATERIA) 
VALUES (12, 'Grupo L', 'L1201', 12, 112);

INSERT INTO GRUPOS (ID_GRUPO, NOMBRE, SALON_CLASE, ID_PROFESOR, ID_MATERIA) 
VALUES (13, 'Grupo M', 'M1301', 13, 113);

INSERT INTO GRUPOS (ID_GRUPO, NOMBRE, SALON_CLASE, ID_PROFESOR, ID_MATERIA) 
VALUES (14, 'Grupo N', 'N1401', 14, 114);

INSERT INTO GRUPOS (ID_GRUPO, NOMBRE, SALON_CLASE, ID_PROFESOR, ID_MATERIA) 
VALUES (15, 'Grupo O', 'O1501', 15, 115);

INSERT INTO GRUPOS (ID_GRUPO, NOMBRE, SALON_CLASE, ID_PROFESOR, ID_MATERIA) 
VALUES (16, 'Grupo P', 'P1601', 16, 116);

INSERT INTO GRUPOS (ID_GRUPO, NOMBRE, SALON_CLASE, ID_PROFESOR, ID_MATERIA) 
VALUES (17, 'Grupo Q', 'Q1701', 17, 117);

INSERT INTO GRUPOS (ID_GRUPO, NOMBRE, SALON_CLASE, ID_PROFESOR, ID_MATERIA) 
VALUES (18, 'Grupo R', 'R1801', 18, 118);

INSERT INTO GRUPOS (ID_GRUPO, NOMBRE, SALON_CLASE, ID_PROFESOR, ID_MATERIA) 
VALUES (19, 'Grupo S', 'S1901', 19, 119);

INSERT INTO GRUPOS (ID_GRUPO, NOMBRE, SALON_CLASE, ID_PROFESOR, ID_MATERIA) 
VALUES (20, 'Grupo T', 'T2001', 20, 120);

INSERT INTO GRUPOS (ID_GRUPO, NOMBRE, SALON_CLASE, ID_PROFESOR, ID_MATERIA) 
VALUES (21, 'Grupo U', 'U2101', 21, 121);

INSERT INTO GRUPOS (ID_GRUPO, NOMBRE, SALON_CLASE, ID_PROFESOR, ID_MATERIA) 
VALUES (22, 'Grupo V', 'V2201', 22, 122);

INSERT INTO GRUPOS (ID_GRUPO, NOMBRE, SALON_CLASE, ID_PROFESOR, ID_MATERIA) 
VALUES (23, 'Grupo W', 'W2301', 23, 123);

INSERT INTO GRUPOS (ID_GRUPO, NOMBRE, SALON_CLASE, ID_PROFESOR, ID_MATERIA) 
VALUES (24, 'Grupo X', 'X2401', 24, 124);

INSERT INTO GRUPOS (ID_GRUPO, NOMBRE, SALON_CLASE, ID_PROFESOR, ID_MATERIA) 
VALUES (25, 'Grupo Y', 'Y2501', 25, 125);


INSERT INTO GRUPO_ESTUDIANTE (ID_GRUPO, ID_ESTUDIANTE) 
VALUES (1, 1);

INSERT INTO GRUPO_ESTUDIANTE (ID_GRUPO, ID_ESTUDIANTE) 
VALUES (1, 2);

INSERT INTO GRUPO_ESTUDIANTE (ID_GRUPO, ID_ESTUDIANTE) 
VALUES (1, 3);

INSERT INTO GRUPO_ESTUDIANTE (ID_GRUPO, ID_ESTUDIANTE) 
VALUES (1, 4);

INSERT INTO GRUPO_ESTUDIANTE (ID_GRUPO, ID_ESTUDIANTE) 
VALUES (2, 5);

INSERT INTO GRUPO_ESTUDIANTE (ID_GRUPO, ID_ESTUDIANTE) 
VALUES (2, 6);

INSERT INTO GRUPO_ESTUDIANTE (ID_GRUPO, ID_ESTUDIANTE) 
VALUES (2, 7);

INSERT INTO GRUPO_ESTUDIANTE (ID_GRUPO, ID_ESTUDIANTE) 
VALUES (2, 8);

INSERT INTO GRUPO_ESTUDIANTE (ID_GRUPO, ID_ESTUDIANTE) 
VALUES (3, 9);

INSERT INTO GRUPO_ESTUDIANTE (ID_GRUPO, ID_ESTUDIANTE) 
VALUES (3, 10);

INSERT INTO GRUPO_ESTUDIANTE (ID_GRUPO, ID_ESTUDIANTE) 
VALUES (3, 11);

INSERT INTO GRUPO_ESTUDIANTE (ID_GRUPO, ID_ESTUDIANTE) 
VALUES (3, 12);

INSERT INTO GRUPO_ESTUDIANTE (ID_GRUPO, ID_ESTUDIANTE) 
VALUES (4, 13);

INSERT INTO GRUPO_ESTUDIANTE (ID_GRUPO, ID_ESTUDIANTE) 
VALUES (4, 14);

INSERT INTO GRUPO_ESTUDIANTE (ID_GRUPO, ID_ESTUDIANTE) 
VALUES (4, 15);

INSERT INTO GRUPO_ESTUDIANTE (ID_GRUPO, ID_ESTUDIANTE) 
VALUES (4, 16);

INSERT INTO GRUPO_ESTUDIANTE (ID_GRUPO, ID_ESTUDIANTE) 
VALUES (5, 17);

INSERT INTO GRUPO_ESTUDIANTE (ID_GRUPO, ID_ESTUDIANTE) 
VALUES (5, 18);

INSERT INTO GRUPO_ESTUDIANTE (ID_GRUPO, ID_ESTUDIANTE) 
VALUES (5, 19);

INSERT INTO GRUPO_ESTUDIANTE (ID_GRUPO, ID_ESTUDIANTE) 
VALUES (5, 20);

INSERT INTO GRUPO_ESTUDIANTE (ID_GRUPO, ID_ESTUDIANTE) 
VALUES (6, 21);

INSERT INTO GRUPO_ESTUDIANTE (ID_GRUPO, ID_ESTUDIANTE) 
VALUES (6, 22);

INSERT INTO GRUPO_ESTUDIANTE (ID_GRUPO, ID_ESTUDIANTE) 
VALUES (6, 23);

INSERT INTO GRUPO_ESTUDIANTE (ID_GRUPO, ID_ESTUDIANTE) 
VALUES (6, 24);

INSERT INTO GRUPO_ESTUDIANTE (ID_GRUPO, ID_ESTUDIANTE) 
VALUES (7, 25);

INSERT INTO GRUPO_ESTUDIANTE (ID_GRUPO, ID_ESTUDIANTE) 
VALUES (12, 6);

INSERT INTO GRUPO_ESTUDIANTE (ID_GRUPO, ID_ESTUDIANTE) 
VALUES (12, 7);

INSERT INTO GRUPO_ESTUDIANTE (ID_GRUPO, ID_ESTUDIANTE) 
VALUES (12, 8);

INSERT INTO GRUPO_ESTUDIANTE (ID_GRUPO, ID_ESTUDIANTE) 
VALUES (13, 9);

INSERT INTO GRUPO_ESTUDIANTE (ID_GRUPO, ID_ESTUDIANTE) 
VALUES (13, 10);

INSERT INTO GRUPO_ESTUDIANTE (ID_GRUPO, ID_ESTUDIANTE) 
VALUES (13, 11);

INSERT INTO GRUPO_ESTUDIANTE (ID_GRUPO, ID_ESTUDIANTE) 
VALUES (14, 12);

INSERT INTO GRUPO_ESTUDIANTE (ID_GRUPO, ID_ESTUDIANTE) 
VALUES (14, 13);

INSERT INTO GRUPO_ESTUDIANTE (ID_GRUPO, ID_ESTUDIANTE) 
VALUES (14, 14);

INSERT INTO GRUPO_ESTUDIANTE (ID_GRUPO, ID_ESTUDIANTE) 
VALUES (15, 15);

INSERT INTO GRUPO_ESTUDIANTE (ID_GRUPO, ID_ESTUDIANTE) 
VALUES (15, 16);

INSERT INTO GRUPO_ESTUDIANTE (ID_GRUPO, ID_ESTUDIANTE) 
VALUES (15, 17);

INSERT INTO GRUPO_ESTUDIANTE (ID_GRUPO, ID_ESTUDIANTE) 
VALUES (16, 18);

INSERT INTO GRUPO_ESTUDIANTE (ID_GRUPO, ID_ESTUDIANTE) 
VALUES (16, 19);

INSERT INTO GRUPO_ESTUDIANTE (ID_GRUPO, ID_ESTUDIANTE) 
VALUES (16, 20);


INSERT INTO UNIDADES (ID_UNIDAD, NOMBRE) VALUES (1, 'Unidad 1: Introducción a la Programación');
INSERT INTO UNIDADES (ID_UNIDAD, NOMBRE) VALUES (2, 'Unidad 2: Estructuras de Control');
INSERT INTO UNIDADES (ID_UNIDAD, NOMBRE) VALUES (3, 'Unidad 3: Funciones y Procedimientos');
INSERT INTO UNIDADES (ID_UNIDAD, NOMBRE) VALUES (4, 'Unidad 4: Estructuras de Datos');
INSERT INTO UNIDADES (ID_UNIDAD, NOMBRE) VALUES (5, 'Unidad 1: Programación Orientada a Objetos');
INSERT INTO UNIDADES (ID_UNIDAD, NOMBRE) VALUES (6, 'Unidad 2: Bases de Datos Relacionales');
INSERT INTO UNIDADES (ID_UNIDAD, NOMBRE) VALUES (7, 'Unidad 3: SQL Avanzado');
INSERT INTO UNIDADES (ID_UNIDAD, NOMBRE) VALUES (8, 'Unidad 4: Diseño de Bases de Datos');
INSERT INTO UNIDADES (ID_UNIDAD, NOMBRE) VALUES (9, 'Unidad 1: Programación Web Frontend');
INSERT INTO UNIDADES (ID_UNIDAD, NOMBRE) VALUES (10, 'Unidad 2: Programación Web Backend');
INSERT INTO UNIDADES (ID_UNIDAD, NOMBRE) VALUES (11, 'Unidad 3: Desarrollo de Aplicaciones Móviles');
INSERT INTO UNIDADES (ID_UNIDAD, NOMBRE) VALUES (12, 'Unidad 4: Inteligencia Artificial');
INSERT INTO UNIDADES (ID_UNIDAD, NOMBRE) VALUES (13, 'Unidad 1: Seguridad Informática');
INSERT INTO UNIDADES (ID_UNIDAD, NOMBRE) VALUES (14, 'Unidad 2: Redes de Computadoras');
INSERT INTO UNIDADES (ID_UNIDAD, NOMBRE) VALUES (15, 'Unidad 3: Sistemas Operativos');
INSERT INTO UNIDADES (ID_UNIDAD, NOMBRE) VALUES (16, 'Unidad 4: Ingeniería de Software');
INSERT INTO UNIDADES (ID_UNIDAD, NOMBRE) VALUES (17, 'Unidad 1: Análisis y Diseño de Algoritmos');
INSERT INTO UNIDADES (ID_UNIDAD, NOMBRE) VALUES (18, 'Unidad 2: Matemáticas Discretas');
INSERT INTO UNIDADES (ID_UNIDAD, NOMBRE) VALUES (19, 'Unidad 3: Arquitectura de Computadoras');
INSERT INTO UNIDADES (ID_UNIDAD, NOMBRE) VALUES (20, 'Unidad 4: Desarrollo Ágil de Software');
INSERT INTO UNIDADES (ID_UNIDAD, NOMBRE) VALUES (21, 'Unidad 1: Computación Cuántica');
INSERT INTO UNIDADES (ID_UNIDAD, NOMBRE) VALUES (22, 'Unidad 2: Realidad Virtual y Aumentada');
INSERT INTO UNIDADES (ID_UNIDAD, NOMBRE) VALUES (23, 'Unidad 3: Big Data y Data Science');
INSERT INTO UNIDADES (ID_UNIDAD, NOMBRE) VALUES (24, 'Unidad 4: Blockchain y Criptomonedas');
INSERT INTO UNIDADES (ID_UNIDAD, NOMBRE) VALUES (25, 'Unidad 1: Computación en la Nube');


INSERT INTO TEMAS (ID_TEMA, NOMBRE, ID_MATERIA, ID_BANCO) VALUES (1, 'Álgebra Lineal', 101, NULL);
INSERT INTO TEMAS (ID_TEMA, NOMBRE, ID_MATERIA, ID_BANCO) VALUES (2, 'Geometría Analítica', 101, NULL);
INSERT INTO TEMAS (ID_TEMA, NOMBRE, ID_MATERIA, ID_BANCO) VALUES (3, 'Cálculo Diferencial', 101, NULL);
INSERT INTO TEMAS (ID_TEMA, NOMBRE, ID_MATERIA, ID_BANCO) VALUES (4, 'Cálculo Integral', 101, NULL);
INSERT INTO TEMAS (ID_TEMA, NOMBRE, ID_MATERIA, ID_BANCO) VALUES (5, 'Química General', 102, NULL);
INSERT INTO TEMAS (ID_TEMA, NOMBRE, ID_MATERIA, ID_BANCO) VALUES (6, 'Química Orgánica', 102, NULL);
INSERT INTO TEMAS (ID_TEMA, NOMBRE, ID_MATERIA, ID_BANCO) VALUES (7, 'Física Clásica', 103, NULL);
INSERT INTO TEMAS (ID_TEMA, NOMBRE, ID_MATERIA, ID_BANCO) VALUES (8, 'Física Moderna', 103, NULL);
INSERT INTO TEMAS (ID_TEMA, NOMBRE, ID_MATERIA, ID_BANCO) VALUES (9, 'Biología Celular', 104, NULL);
INSERT INTO TEMAS (ID_TEMA, NOMBRE, ID_MATERIA, ID_BANCO) VALUES (10, 'Genética', 104, NULL);
INSERT INTO TEMAS (ID_TEMA, NOMBRE, ID_MATERIA, ID_BANCO) VALUES (11, 'Historia Antigua', 105, NULL);
INSERT INTO TEMAS (ID_TEMA, NOMBRE, ID_MATERIA, ID_BANCO) VALUES (12, 'Historia Medieval', 105, NULL);
INSERT INTO TEMAS (ID_TEMA, NOMBRE, ID_MATERIA, ID_BANCO) VALUES (13, 'Historia Moderna', 105, NULL);
INSERT INTO TEMAS (ID_TEMA, NOMBRE, ID_MATERIA, ID_BANCO) VALUES (14, 'Historia Contemporánea', 105, NULL);
INSERT INTO TEMAS (ID_TEMA, NOMBRE, ID_MATERIA, ID_BANCO) VALUES (15, 'Literatura Universal', 106, NULL);
INSERT INTO TEMAS (ID_TEMA, NOMBRE, ID_MATERIA, ID_BANCO) VALUES (16, 'Literatura Latinoamericana', 106, NULL);
INSERT INTO TEMAS (ID_TEMA, NOMBRE, ID_MATERIA, ID_BANCO) VALUES (17, 'Literatura Española', 106, NULL);
INSERT INTO TEMAS (ID_TEMA, NOMBRE, ID_MATERIA, ID_BANCO) VALUES (18, 'Literatura Inglesa', 106, NULL);
INSERT INTO TEMAS (ID_TEMA, NOMBRE, ID_MATERIA, ID_BANCO) VALUES (19, 'Programación Básica', 107, NULL);
INSERT INTO TEMAS (ID_TEMA, NOMBRE, ID_MATERIA, ID_BANCO) VALUES (20, 'Estructuras de Datos', 107, NULL);
INSERT INTO TEMAS (ID_TEMA, NOMBRE, ID_MATERIA, ID_BANCO) VALUES (21, 'Algoritmos y Complejidad', 107, NULL);
INSERT INTO TEMAS (ID_TEMA, NOMBRE, ID_MATERIA, ID_BANCO) VALUES (22, 'Bases de Datos', 107, NULL);
INSERT INTO TEMAS (ID_TEMA, NOMBRE, ID_MATERIA, ID_BANCO) VALUES (23, 'Redes de Computadoras', 107, NULL);
INSERT INTO TEMAS (ID_TEMA, NOMBRE, ID_MATERIA, ID_BANCO) VALUES (24, 'Sistemas Operativos', 107, NULL);
INSERT INTO TEMAS (ID_TEMA, NOMBRE, ID_MATERIA, ID_BANCO) VALUES (25, 'Ingeniería de Software', 107, NULL);


INSERT INTO EXAMENES (ID_EXAMEN, NOMBRE, DESCRIPCION, CODIGO, TIEMPO, CANTIDAD_PREGUNTAS_ALUMNOS, CANTIDAD_PREGUNTAS_BANCO, FECHA, PORCENTAJE_NOTA_FINAL, UMBRAL_APROBACION, ID_TEMA, ID_PROFESOR, ID_UNIDAD)
VALUES 
(1, 'Examen de Matemáticas Básicas', 'Examen introductorio sobre conceptos básicos de matemáticas', 'EXM001', INTERVAL '1' HOUR, 20, 0, TO_DATE('2024-05-15', 'YYYY-MM-DD'), 70.0, 60.0, 1, 1, 1);

INSERT INTO EXAMENES (ID_EXAMEN, NOMBRE, DESCRIPCION, CODIGO, TIEMPO, CANTIDAD_PREGUNTAS_ALUMNOS, CANTIDAD_PREGUNTAS_BANCO, FECHA, PORCENTAJE_NOTA_FINAL, UMBRAL_APROBACION, ID_TEMA, ID_PROFESOR, ID_UNIDAD)
VALUES 
(2, 'Examen de Ciencias Naturales', 'Examen sobre conceptos básicos de ciencias naturales', 'EXM002', INTERVAL '1' HOUR, 25, 0, TO_DATE('2024-05-20', 'YYYY-MM-DD'), 75.0, 65.0, 2, 2, 2);

INSERT INTO EXAMENES (ID_EXAMEN, NOMBRE, DESCRIPCION, CODIGO, TIEMPO, CANTIDAD_PREGUNTAS_ALUMNOS, CANTIDAD_PREGUNTAS_BANCO, FECHA, PORCENTAJE_NOTA_FINAL, UMBRAL_APROBACION, ID_TEMA, ID_PROFESOR, ID_UNIDAD)
VALUES 
(3, 'Examen de Historia Mundial', 'Examen sobre eventos históricos importantes a nivel mundial', 'EXM003', INTERVAL '1' HOUR, 30, 0, TO_DATE('2024-05-25', 'YYYY-MM-DD'), 80.0, 70.0, 3, 3, 3);

INSERT INTO EXAMENES (ID_EXAMEN, NOMBRE, DESCRIPCION, CODIGO, TIEMPO, CANTIDAD_PREGUNTAS_ALUMNOS, CANTIDAD_PREGUNTAS_BANCO, FECHA, PORCENTAJE_NOTA_FINAL, UMBRAL_APROBACION, ID_TEMA, ID_PROFESOR, ID_UNIDAD)
VALUES 
(4, 'Examen de Literatura Universal', 'Examen sobre obras y autores de literatura universal', 'EXM004', INTERVAL '1' HOUR, 35, 0, TO_DATE('2024-05-30', 'YYYY-MM-DD'), 85.0, 75.0, 4, 4, 1);

INSERT INTO EXAMENES (ID_EXAMEN, NOMBRE, DESCRIPCION, CODIGO, TIEMPO, CANTIDAD_PREGUNTAS_ALUMNOS, CANTIDAD_PREGUNTAS_BANCO, FECHA, PORCENTAJE_NOTA_FINAL, UMBRAL_APROBACION, ID_TEMA, ID_PROFESOR, ID_UNIDAD)
VALUES 
(5, 'Examen de Geografía', 'Examen sobre geografía física y política del mundo', 'EXM005', INTERVAL '1' HOUR, 40, 0, TO_DATE('2024-06-05', 'YYYY-MM-DD'), 90.0, 80.0, 5, 5, 2);

INSERT INTO EXAMENES (ID_EXAMEN, NOMBRE, DESCRIPCION, CODIGO, TIEMPO, CANTIDAD_PREGUNTAS_ALUMNOS, CANTIDAD_PREGUNTAS_BANCO, FECHA, PORCENTAJE_NOTA_FINAL, UMBRAL_APROBACION, ID_TEMA, ID_PROFESOR, ID_UNIDAD)
VALUES 
(6, 'Examen de Química Orgánica', 'Examen sobre compuestos y reacciones de química orgánica', 'EXM006', INTERVAL '1' HOUR, 45, 0, TO_DATE('2024-06-10', 'YYYY-MM-DD'), 95.0, 85.0, 6, 6, 3);

INSERT INTO EXAMENES (ID_EXAMEN, NOMBRE, DESCRIPCION, CODIGO, TIEMPO, CANTIDAD_PREGUNTAS_ALUMNOS, CANTIDAD_PREGUNTAS_BANCO, FECHA, PORCENTAJE_NOTA_FINAL, UMBRAL_APROBACION, ID_TEMA, ID_PROFESOR, ID_UNIDAD)
VALUES 
(7, 'Examen de Física Moderna', 'Examen sobre principios y teorías de la física moderna', 'EXM007', INTERVAL '1' HOUR, 50, 0, TO_DATE('2024-06-15', 'YYYY-MM-DD'), 50.0, 90.0, 7, 7, 4);

INSERT INTO EXAMENES (ID_EXAMEN, NOMBRE, DESCRIPCION, CODIGO, TIEMPO, CANTIDAD_PREGUNTAS_ALUMNOS, CANTIDAD_PREGUNTAS_BANCO, FECHA, PORCENTAJE_NOTA_FINAL, UMBRAL_APROBACION, ID_TEMA, ID_PROFESOR, ID_UNIDAD)
VALUES 
(8, 'Examen de Álgebra Lineal', 'Examen sobre matrices, vectores y sistemas de ecuaciones lineales', 'EXM008', INTERVAL '1' HOUR, 55, 0, TO_DATE('2024-06-20', 'YYYY-MM-DD'), 80.0, 70.0, 8, 8, 1);

INSERT INTO EXAMENES (ID_EXAMEN, NOMBRE, DESCRIPCION, CODIGO, TIEMPO, CANTIDAD_PREGUNTAS_ALUMNOS, CANTIDAD_PREGUNTAS_BANCO, FECHA, PORCENTAJE_NOTA_FINAL, UMBRAL_APROBACION, ID_TEMA, ID_PROFESOR, ID_UNIDAD)
VALUES 
(9, 'Examen de Biología Celular', 'Examen sobre estructura y funciones de la célula', 'EXM009', INTERVAL '1' HOUR, 60, 0, TO_DATE('2024-06-25', 'YYYY-MM-DD'), 85.0, 75.0, 9, 9, 2);

INSERT INTO EXAMENES (ID_EXAMEN, NOMBRE, DESCRIPCION, CODIGO, TIEMPO, CANTIDAD_PREGUNTAS_ALUMNOS, CANTIDAD_PREGUNTAS_BANCO, FECHA, PORCENTAJE_NOTA_FINAL, UMBRAL_APROBACION, ID_TEMA, ID_PROFESOR, ID_UNIDAD)
VALUES 
(10, 'Examen de Economía Mundial', 'Examen sobre principios económicos a nivel global', 'EXM010', INTERVAL '1' HOUR, 65, 0, TO_DATE('2024-06-30', 'YYYY-MM-DD'), 90.0, 80.0, 10, 10, 3);

INSERT INTO EXAMENES (ID_EXAMEN, NOMBRE, DESCRIPCION, CODIGO, TIEMPO, CANTIDAD_PREGUNTAS_ALUMNOS, CANTIDAD_PREGUNTAS_BANCO, FECHA, PORCENTAJE_NOTA_FINAL, UMBRAL_APROBACION, ID_TEMA, ID_PROFESOR, ID_UNIDAD)
VALUES 
(11, 'Examen de Psicología General', 'Examen sobre conceptos y teorías fundamentales de psicología', 'EXM011', INTERVAL '1' HOUR, 70, 0, TO_DATE('2024-07-05', 'YYYY-MM-DD'), 95.0, 85.0, 11, 11, 4);

INSERT INTO EXAMENES (ID_EXAMEN, NOMBRE, DESCRIPCION, CODIGO, TIEMPO, CANTIDAD_PREGUNTAS_ALUMNOS, CANTIDAD_PREGUNTAS_BANCO, FECHA, PORCENTAJE_NOTA_FINAL, UMBRAL_APROBACION, ID_TEMA, ID_PROFESOR, ID_UNIDAD)
VALUES 
(12, 'Examen de Programación Avanzada', 'Examen sobre técnicas y herramientas avanzadas de programación', 'EXM012', INTERVAL '1' HOUR, 75, 0, TO_DATE('2024-07-10', 'YYYY-MM-DD'), 25.0, 90.0, 12, 12, 1);

INSERT INTO EXAMENES (ID_EXAMEN, NOMBRE, DESCRIPCION, CODIGO, TIEMPO, CANTIDAD_PREGUNTAS_ALUMNOS, CANTIDAD_PREGUNTAS_BANCO, FECHA, PORCENTAJE_NOTA_FINAL, UMBRAL_APROBACION, ID_TEMA, ID_PROFESOR, ID_UNIDAD)
VALUES 
(13, 'Examen de Arte Contemporáneo', 'Examen sobre movimientos y artistas del arte contemporáneo', 'EXM013', INTERVAL '1' HOUR, 80, 0, TO_DATE('2024-07-15', 'YYYY-MM-DD'), 85.0, 75.0, 13, 13, 2);

INSERT INTO EXAMENES (ID_EXAMEN, NOMBRE, DESCRIPCION, CODIGO, TIEMPO, CANTIDAD_PREGUNTAS_ALUMNOS, CANTIDAD_PREGUNTAS_BANCO, FECHA, PORCENTAJE_NOTA_FINAL, UMBRAL_APROBACION, ID_TEMA, ID_PROFESOR, ID_UNIDAD)
VALUES 
(14, 'Examen de Derecho Internacional', 'Examen sobre normativas y tratados de derecho internacional', 'EXM014', INTERVAL '1' HOUR, 85, 0, TO_DATE('2024-07-20', 'YYYY-MM-DD'), 90.0, 80.0, 14, 14, 3);

INSERT INTO EXAMENES (ID_EXAMEN, NOMBRE, DESCRIPCION, CODIGO, TIEMPO, CANTIDAD_PREGUNTAS_ALUMNOS, CANTIDAD_PREGUNTAS_BANCO, FECHA, PORCENTAJE_NOTA_FINAL, UMBRAL_APROBACION, ID_TEMA, ID_PROFESOR, ID_UNIDAD)
VALUES 
(15, 'Examen de Lingüística Aplicada', 'Examen sobre teorías y aplicaciones de la lingüística', 'EXM015', INTERVAL '1' HOUR, 90, 0, TO_DATE('2024-07-25', 'YYYY-MM-DD'), 95.0, 85.0, 15, 15, 4);

INSERT INTO EXAMENES (ID_EXAMEN, NOMBRE, DESCRIPCION, CODIGO, TIEMPO, CANTIDAD_PREGUNTAS_ALUMNOS, CANTIDAD_PREGUNTAS_BANCO, FECHA, PORCENTAJE_NOTA_FINAL, UMBRAL_APROBACION, ID_TEMA, ID_PROFESOR, ID_UNIDAD)
VALUES 
(16, 'Examen de Marketing Digital', 'Examen sobre estrategias y herramientas de marketing digital', 'EXM016', INTERVAL '1' HOUR, 95, 0, TO_DATE('2024-07-30', 'YYYY-MM-DD'), 50.0, 90.0, 16, 16, 1);

INSERT INTO EXAMENES (ID_EXAMEN, NOMBRE, DESCRIPCION, CODIGO, TIEMPO, CANTIDAD_PREGUNTAS_ALUMNOS, CANTIDAD_PREGUNTAS_BANCO, FECHA, PORCENTAJE_NOTA_FINAL, UMBRAL_APROBACION, ID_TEMA, ID_PROFESOR, ID_UNIDAD)
VALUES 
(17, 'Examen de Filosofía Política', 'Examen sobre teorías y corrientes de la filosofía política', 'EXM017', INTERVAL '1' HOUR, 100, 0, TO_DATE('2024-08-04', 'YYYY-MM-DD'), 85.0, 75.0, 17, 17, 2);

INSERT INTO EXAMENES (ID_EXAMEN, NOMBRE, DESCRIPCION, CODIGO, TIEMPO, CANTIDAD_PREGUNTAS_ALUMNOS, CANTIDAD_PREGUNTAS_BANCO, FECHA, PORCENTAJE_NOTA_FINAL, UMBRAL_APROBACION, ID_TEMA, ID_PROFESOR, ID_UNIDAD)
VALUES 
(18, 'Examen de Microbiología', 'Examen sobre microorganismos y su interacción con el ambiente', 'EXM018', INTERVAL '1' HOUR, 105, 0, TO_DATE('2024-08-09', 'YYYY-MM-DD'), 90.0, 80.0, 18, 18, 3);

INSERT INTO EXAMENES (ID_EXAMEN, NOMBRE, DESCRIPCION, CODIGO, TIEMPO, CANTIDAD_PREGUNTAS_ALUMNOS, CANTIDAD_PREGUNTAS_BANCO, FECHA, PORCENTAJE_NOTA_FINAL, UMBRAL_APROBACION, ID_TEMA, ID_PROFESOR, ID_UNIDAD)
VALUES 
(19, 'Examen de Arte Rupestre', 'Examen sobre manifestaciones artísticas prehistóricas', 'EXM019', INTERVAL '1' HOUR, 110, 0, TO_DATE('2024-08-14', 'YYYY-MM-DD'), 95.0, 85.0, 19, 19, 4);

INSERT INTO EXAMENES (ID_EXAMEN, NOMBRE, DESCRIPCION, CODIGO, TIEMPO, CANTIDAD_PREGUNTAS_ALUMNOS, CANTIDAD_PREGUNTAS_BANCO, FECHA, PORCENTAJE_NOTA_FINAL, UMBRAL_APROBACION, ID_TEMA, ID_PROFESOR, ID_UNIDAD)
VALUES 
(20, 'Examen de Finanzas Corporativas', 'Examen sobre gestión financiera en empresas', 'EXM020', INTERVAL '1' HOUR, 115, 0, TO_DATE('2024-08-19', 'YYYY-MM-DD'), 40.0, 90.0, 20, 20, 1);

INSERT INTO EXAMENES (ID_EXAMEN, NOMBRE, DESCRIPCION, CODIGO, TIEMPO, CANTIDAD_PREGUNTAS_ALUMNOS, CANTIDAD_PREGUNTAS_BANCO, FECHA, PORCENTAJE_NOTA_FINAL, UMBRAL_APROBACION, ID_TEMA, ID_PROFESOR, ID_UNIDAD)
VALUES 
(21, 'Examen de Lingüística Comparada', 'Examen sobre análisis comparativo de lenguas', 'EXM021', INTERVAL '1' HOUR, 120, 0, TO_DATE('2024-08-24', 'YYYY-MM-DD'), 85.0, 75.0, 21, 21, 2);

INSERT INTO EXAMENES (ID_EXAMEN, NOMBRE, DESCRIPCION, CODIGO, TIEMPO, CANTIDAD_PREGUNTAS_ALUMNOS, CANTIDAD_PREGUNTAS_BANCO, FECHA, PORCENTAJE_NOTA_FINAL, UMBRAL_APROBACION, ID_TEMA, ID_PROFESOR, ID_UNIDAD)
VALUES 
(22, 'Examen de Arquitectura Renacentista', 'Examen sobre estilos y obras arquitectónicas del renacimiento', 'EXM022', INTERVAL '1' HOUR, 125, 0, TO_DATE('2024-08-29', 'YYYY-MM-DD'), 90.0, 80.0, 22, 22, 3);

INSERT INTO EXAMENES (ID_EXAMEN, NOMBRE, DESCRIPCION, CODIGO, TIEMPO, CANTIDAD_PREGUNTAS_ALUMNOS, CANTIDAD_PREGUNTAS_BANCO, FECHA, PORCENTAJE_NOTA_FINAL, UMBRAL_APROBACION, ID_TEMA, ID_PROFESOR, ID_UNIDAD)
VALUES 
(23, 'Examen de Psicología del Aprendizaje', 'Examen sobre teorías y procesos de aprendizaje', 'EXM023', INTERVAL '1' HOUR, 130, 0, TO_DATE('2024-09-03', 'YYYY-MM-DD'), 95.0, 85.0, 23, 23, 4);

INSERT INTO EXAMENES (ID_EXAMEN, NOMBRE, DESCRIPCION, CODIGO, TIEMPO, CANTIDAD_PREGUNTAS_ALUMNOS, CANTIDAD_PREGUNTAS_BANCO, FECHA, PORCENTAJE_NOTA_FINAL, UMBRAL_APROBACION, ID_TEMA, ID_PROFESOR, ID_UNIDAD)
VALUES 
(24, 'Examen de Gestión de Recursos Humanos', 'Examen sobre estrategias de gestión de personal', 'EXM024', INTERVAL '1' HOUR, 135, 0, TO_DATE('2024-09-08', 'YYYY-MM-DD'), 25.0, 90.0, 24, 24, 1);

INSERT INTO EXAMENES (ID_EXAMEN, NOMBRE, DESCRIPCION, CODIGO, TIEMPO, CANTIDAD_PREGUNTAS_ALUMNOS, CANTIDAD_PREGUNTAS_BANCO, FECHA, PORCENTAJE_NOTA_FINAL, UMBRAL_APROBACION, ID_TEMA, ID_PROFESOR, ID_UNIDAD)
VALUES 
(25, 'Examen de Filosofía de la Ciencia', 'Examen sobre teorías y métodos de la filosofía de la ciencia', 'EXM025', INTERVAL '1' HOUR, 140, 0, TO_DATE('2024-09-13', 'YYYY-MM-DD'), 85.0, 75.0, 25, 25, 2);


INSERT INTO GRUPO_EXAMEN (ID_GRUPO, ID_EXAMEN)
VALUES (1, 1);

INSERT INTO GRUPO_EXAMEN (ID_GRUPO, ID_EXAMEN)
VALUES (1, 2);

INSERT INTO GRUPO_EXAMEN (ID_GRUPO, ID_EXAMEN)
VALUES (2, 1);

INSERT INTO GRUPO_EXAMEN (ID_GRUPO, ID_EXAMEN)
VALUES (2, 2);

INSERT INTO GRUPO_EXAMEN (ID_GRUPO, ID_EXAMEN)
VALUES (3, 3);

INSERT INTO GRUPO_EXAMEN (ID_GRUPO, ID_EXAMEN)
VALUES (3, 4);

INSERT INTO GRUPO_EXAMEN (ID_GRUPO, ID_EXAMEN)
VALUES (4, 3);

INSERT INTO GRUPO_EXAMEN (ID_GRUPO, ID_EXAMEN)
VALUES (4, 4);

INSERT INTO GRUPO_EXAMEN (ID_GRUPO, ID_EXAMEN)
VALUES (5, 5);

INSERT INTO GRUPO_EXAMEN (ID_GRUPO, ID_EXAMEN)
VALUES (5, 6);

INSERT INTO GRUPO_EXAMEN (ID_GRUPO, ID_EXAMEN)
VALUES (6, 5);

INSERT INTO GRUPO_EXAMEN (ID_GRUPO, ID_EXAMEN)
VALUES (6, 6);

INSERT INTO GRUPO_EXAMEN (ID_GRUPO, ID_EXAMEN)
VALUES (7, 7);

INSERT INTO GRUPO_EXAMEN (ID_GRUPO, ID_EXAMEN)
VALUES (7, 8);

INSERT INTO GRUPO_EXAMEN (ID_GRUPO, ID_EXAMEN)
VALUES (8, 7);

INSERT INTO GRUPO_EXAMEN (ID_GRUPO, ID_EXAMEN)
VALUES (8, 8);

INSERT INTO GRUPO_EXAMEN (ID_GRUPO, ID_EXAMEN)
VALUES (9, 9);

INSERT INTO GRUPO_EXAMEN (ID_GRUPO, ID_EXAMEN)
VALUES (9, 10);

INSERT INTO GRUPO_EXAMEN (ID_GRUPO, ID_EXAMEN)
VALUES (10, 9);

INSERT INTO GRUPO_EXAMEN (ID_GRUPO, ID_EXAMEN)
VALUES (10, 10);

INSERT INTO GRUPO_EXAMEN (ID_GRUPO, ID_EXAMEN)
VALUES (11, 11);

INSERT INTO GRUPO_EXAMEN (ID_GRUPO, ID_EXAMEN)
VALUES (11, 12);

INSERT INTO GRUPO_EXAMEN (ID_GRUPO, ID_EXAMEN)
VALUES (12, 11);

INSERT INTO GRUPO_EXAMEN (ID_GRUPO, ID_EXAMEN)
VALUES (12, 12);

INSERT INTO GRUPO_EXAMEN (ID_GRUPO, ID_EXAMEN)
VALUES (13, 13);

INSERT INTO GRUPO_EXAMEN (ID_GRUPO, ID_EXAMEN)
VALUES (13, 14);

INSERT INTO GRUPO_EXAMEN (ID_GRUPO, ID_EXAMEN)
VALUES (14, 13);

INSERT INTO GRUPO_EXAMEN (ID_GRUPO, ID_EXAMEN)
VALUES (14, 14);

INSERT INTO GRUPO_EXAMEN (ID_GRUPO, ID_EXAMEN)
VALUES (15, 15);

INSERT INTO GRUPO_EXAMEN (ID_GRUPO, ID_EXAMEN)
VALUES (15, 16);

INSERT INTO GRUPO_EXAMEN (ID_GRUPO, ID_EXAMEN)
VALUES (16, 15);

INSERT INTO GRUPO_EXAMEN (ID_GRUPO, ID_EXAMEN)
VALUES (16, 16);

INSERT INTO GRUPO_EXAMEN (ID_GRUPO, ID_EXAMEN)
VALUES (17, 17);

INSERT INTO GRUPO_EXAMEN (ID_GRUPO, ID_EXAMEN)
VALUES (17, 18);

INSERT INTO GRUPO_EXAMEN (ID_GRUPO, ID_EXAMEN)
VALUES (18, 17);

INSERT INTO GRUPO_EXAMEN (ID_GRUPO, ID_EXAMEN)
VALUES (18, 18);

INSERT INTO GRUPO_EXAMEN (ID_GRUPO, ID_EXAMEN)
VALUES (19, 19);

INSERT INTO GRUPO_EXAMEN (ID_GRUPO, ID_EXAMEN)
VALUES (19, 20);

INSERT INTO GRUPO_EXAMEN (ID_GRUPO, ID_EXAMEN)
VALUES (20, 19);

INSERT INTO GRUPO_EXAMEN (ID_GRUPO, ID_EXAMEN)
VALUES (20, 20);


INSERT INTO UNIDAD_GRUPO (ID_UNIDAD, ID_GRUPO)
VALUES (1, 1);

INSERT INTO UNIDAD_GRUPO (ID_UNIDAD, ID_GRUPO)
VALUES (2, 1);

INSERT INTO UNIDAD_GRUPO (ID_UNIDAD, ID_GRUPO)
VALUES (3, 2);

INSERT INTO UNIDAD_GRUPO (ID_UNIDAD, ID_GRUPO)
VALUES (4, 2);

INSERT INTO UNIDAD_GRUPO (ID_UNIDAD, ID_GRUPO)
VALUES (5, 3);

INSERT INTO UNIDAD_GRUPO (ID_UNIDAD, ID_GRUPO)
VALUES (6, 3);

INSERT INTO UNIDAD_GRUPO (ID_UNIDAD, ID_GRUPO)
VALUES (7, 4);

INSERT INTO UNIDAD_GRUPO (ID_UNIDAD, ID_GRUPO)
VALUES (8, 4);

INSERT INTO UNIDAD_GRUPO (ID_UNIDAD, ID_GRUPO)
VALUES (9, 5);

INSERT INTO UNIDAD_GRUPO (ID_UNIDAD, ID_GRUPO)
VALUES (10, 5);

INSERT INTO UNIDAD_GRUPO (ID_UNIDAD, ID_GRUPO)
VALUES (11, 6);

INSERT INTO UNIDAD_GRUPO (ID_UNIDAD, ID_GRUPO)
VALUES (12, 6);

INSERT INTO UNIDAD_GRUPO (ID_UNIDAD, ID_GRUPO)
VALUES (13, 7);

INSERT INTO UNIDAD_GRUPO (ID_UNIDAD, ID_GRUPO)
VALUES (14, 7);

INSERT INTO UNIDAD_GRUPO (ID_UNIDAD, ID_GRUPO)
VALUES (15, 8);

INSERT INTO UNIDAD_GRUPO (ID_UNIDAD, ID_GRUPO)
VALUES (16, 8);

INSERT INTO UNIDAD_GRUPO (ID_UNIDAD, ID_GRUPO)
VALUES (17, 9);

INSERT INTO UNIDAD_GRUPO (ID_UNIDAD, ID_GRUPO)
VALUES (18, 9);

INSERT INTO UNIDAD_GRUPO (ID_UNIDAD, ID_GRUPO)
VALUES (19, 10);

INSERT INTO UNIDAD_GRUPO (ID_UNIDAD, ID_GRUPO)
VALUES (20, 10);

INSERT INTO UNIDAD_GRUPO (ID_UNIDAD, ID_GRUPO)
VALUES (21, 11);

INSERT INTO UNIDAD_GRUPO (ID_UNIDAD, ID_GRUPO)
VALUES (22, 11);

INSERT INTO UNIDAD_GRUPO (ID_UNIDAD, ID_GRUPO)
VALUES (23, 12);

INSERT INTO UNIDAD_GRUPO (ID_UNIDAD, ID_GRUPO)
VALUES (24, 12);

INSERT INTO UNIDAD_GRUPO (ID_UNIDAD, ID_GRUPO)
VALUES (25, 13);

INSERT INTO UNIDAD_GRUPO (ID_UNIDAD, ID_GRUPO)
VALUES (1, 13);

INSERT INTO UNIDAD_GRUPO (ID_UNIDAD, ID_GRUPO)
VALUES (2, 14);

INSERT INTO UNIDAD_GRUPO (ID_UNIDAD, ID_GRUPO)
VALUES (3, 14);

INSERT INTO UNIDAD_GRUPO (ID_UNIDAD, ID_GRUPO)
VALUES (4, 15);

INSERT INTO UNIDAD_GRUPO (ID_UNIDAD, ID_GRUPO)
VALUES (5, 15);

INSERT INTO UNIDAD_GRUPO (ID_UNIDAD, ID_GRUPO)
VALUES (6, 16);

INSERT INTO UNIDAD_GRUPO (ID_UNIDAD, ID_GRUPO)
VALUES (7, 16);

INSERT INTO UNIDAD_GRUPO (ID_UNIDAD, ID_GRUPO)
VALUES (8, 17);

INSERT INTO UNIDAD_GRUPO (ID_UNIDAD, ID_GRUPO)
VALUES (9, 17);

INSERT INTO UNIDAD_GRUPO (ID_UNIDAD, ID_GRUPO)
VALUES (10, 18);

INSERT INTO UNIDAD_GRUPO (ID_UNIDAD, ID_GRUPO)
VALUES (11, 18);

INSERT INTO UNIDAD_GRUPO (ID_UNIDAD, ID_GRUPO)
VALUES (12, 19);

INSERT INTO UNIDAD_GRUPO (ID_UNIDAD, ID_GRUPO)
VALUES (13, 19);

INSERT INTO UNIDAD_GRUPO (ID_UNIDAD, ID_GRUPO)
VALUES (14, 20);

INSERT INTO UNIDAD_GRUPO (ID_UNIDAD, ID_GRUPO)
VALUES (15, 20);


INSERT INTO PRIVACIDAD (ID_PRIVACIDAD, TIPO, DESCRIPCION)
VALUES (1, 'Privada', 'Solo el autor puede ver la pregunta.');

INSERT INTO PRIVACIDAD (ID_PRIVACIDAD, TIPO, DESCRIPCION)
VALUES (2, 'Pública', 'Visible para todos los usuarios.');


INSERT INTO TIPO_PREGUNTA (ID_TIPO_PREGUNTA, TIPO, DESCRIPCION)
VALUES (1, 'Selección Múltiple', 'Pregunta con varias opciones de respuesta.');

INSERT INTO TIPO_PREGUNTA (ID_TIPO_PREGUNTA, TIPO, DESCRIPCION)
VALUES (2, 'Respuesta Corta', 'Pregunta que requiere una respuesta breve.');

INSERT INTO TIPO_PREGUNTA (ID_TIPO_PREGUNTA, TIPO, DESCRIPCION)
VALUES (3, 'Verdadero/Falso', 'Pregunta con opciones de verdadero o falso.');

INSERT INTO TIPO_PREGUNTA (ID_TIPO_PREGUNTA, TIPO, DESCRIPCION)
VALUES (4, 'Desarrollo', 'Pregunta que requiere una respuesta detallada.');

INSERT INTO TIPO_PREGUNTA (ID_TIPO_PREGUNTA, TIPO, DESCRIPCION)
VALUES (5, 'Emparejamiento', 'Pregunta donde se deben emparejar elementos de dos columnas.');

INSERT INTO TIPO_PREGUNTA (ID_TIPO_PREGUNTA, TIPO, DESCRIPCION)
VALUES (6, 'Ordenamiento', 'Pregunta donde se deben ordenar elementos en una secuencia.');

INSERT INTO TIPO_PREGUNTA (ID_TIPO_PREGUNTA, TIPO, DESCRIPCION)
VALUES (7, 'Relacionar', 'Pregunta donde se deben relacionar elementos de dos conjuntos.');

INSERT INTO TIPO_PREGUNTA (ID_TIPO_PREGUNTA, TIPO, DESCRIPCION)
VALUES (8, 'Completar', 'Pregunta donde se debe completar un texto o una secuencia.');


INSERT INTO BANCOS (ID_BANCO, NOMBRE, ID_TEMA) 
VALUES (1, 'Banco de Preguntas Álgebra Lineal', 1);

INSERT INTO BANCOS (ID_BANCO, NOMBRE, ID_TEMA) 
VALUES (2, 'Banco de Preguntas Geometría Analítica', 2);

INSERT INTO BANCOS (ID_BANCO, NOMBRE, ID_TEMA) 
VALUES (3, 'Banco de Preguntas Cálculo Diferencial', 3);

INSERT INTO BANCOS (ID_BANCO, NOMBRE, ID_TEMA) 
VALUES (4, 'Banco de Preguntas Cálculo Integral', 4);

INSERT INTO BANCOS (ID_BANCO, NOMBRE, ID_TEMA) 
VALUES (5, 'Banco de Preguntas Química General', 5);

INSERT INTO BANCOS (ID_BANCO, NOMBRE, ID_TEMA) 
VALUES (6, 'Banco de Preguntas Química Orgánica', 6);

INSERT INTO BANCOS (ID_BANCO, NOMBRE, ID_TEMA) 
VALUES (7, 'Banco de Preguntas Física Clásica', 7);

INSERT INTO BANCOS (ID_BANCO, NOMBRE, ID_TEMA) 
VALUES (8, 'Banco de Preguntas Física Moderna', 8);

INSERT INTO BANCOS (ID_BANCO, NOMBRE, ID_TEMA) 
VALUES (9, 'Banco de Preguntas Biología Celular', 9);

INSERT INTO BANCOS (ID_BANCO, NOMBRE, ID_TEMA) 
VALUES (10, 'Banco de Preguntas Genética', 10);

INSERT INTO BANCOS (ID_BANCO, NOMBRE, ID_TEMA) 
VALUES (11, 'Banco de Preguntas Historia Antigua', 11);

INSERT INTO BANCOS (ID_BANCO, NOMBRE, ID_TEMA) 
VALUES (12, 'Banco de Preguntas Historia Medieval', 12);

INSERT INTO BANCOS (ID_BANCO, NOMBRE, ID_TEMA) 
VALUES (13, 'Banco de Preguntas Historia Moderna', 13);

INSERT INTO BANCOS (ID_BANCO, NOMBRE, ID_TEMA) 
VALUES (14, 'Banco de Preguntas Historia Contemporánea', 14);

INSERT INTO BANCOS (ID_BANCO, NOMBRE, ID_TEMA) 
VALUES (15, 'Banco de Preguntas Literatura Universal', 15);

INSERT INTO BANCOS (ID_BANCO, NOMBRE, ID_TEMA) 
VALUES (16, 'Banco de Preguntas Literatura Latinoamericana', 16);

INSERT INTO BANCOS (ID_BANCO, NOMBRE, ID_TEMA) 
VALUES (17, 'Banco de Preguntas Literatura Española', 17);

INSERT INTO BANCOS (ID_BANCO, NOMBRE, ID_TEMA) 
VALUES (18, 'Banco de Preguntas Literatura Inglesa', 18);

INSERT INTO BANCOS (ID_BANCO, NOMBRE, ID_TEMA) 
VALUES (19, 'Banco de Preguntas Programación Básica', 19);

INSERT INTO BANCOS (ID_BANCO, NOMBRE, ID_TEMA) 
VALUES (20, 'Banco de Preguntas Estructuras de Datos', 20);

INSERT INTO BANCOS (ID_BANCO, NOMBRE, ID_TEMA) 
VALUES (21, 'Banco de Preguntas Algoritmos y Complejidad', 21);

INSERT INTO BANCOS (ID_BANCO, NOMBRE, ID_TEMA) 
VALUES (22, 'Banco de Preguntas Bases de Datos', 22);

INSERT INTO BANCOS (ID_BANCO, NOMBRE, ID_TEMA) 
VALUES (23, 'Banco de Preguntas Redes de Computadoras', 23);

INSERT INTO BANCOS (ID_BANCO, NOMBRE, ID_TEMA) 
VALUES (24, 'Banco de Preguntas Sistemas Operativos', 24);

INSERT INTO BANCOS (ID_BANCO, NOMBRE, ID_TEMA) 
VALUES (25, 'Banco de Preguntas Ingeniería de Software', 25);


INSERT INTO PREGUNTAS (ID_PREGUNTA, TEXTO_PREGUNTA, PORCENTAJE_GENERAL, TIEMPO, ID_PRIVACIDAD, ID_TIPO_PREGUNTA, ID_PROFESOR, ID_BANCO)
VALUES (1, '¿Cuál es la fórmula del área de un triángulo?', 10, INTERVAL '5' MINUTE, 1, 1, 1, 1);

INSERT INTO PREGUNTAS (ID_PREGUNTA, TEXTO_PREGUNTA, PORCENTAJE_GENERAL, TIEMPO, ID_PRIVACIDAD, ID_TIPO_PREGUNTA, ID_PROFESOR, ID_BANCO)
VALUES (2, '¿Qué es una función lineal?', 10, INTERVAL '5' MINUTE, 1, 2, 2, 2);

INSERT INTO PREGUNTAS (ID_PREGUNTA, TEXTO_PREGUNTA, PORCENTAJE_GENERAL, TIEMPO, ID_PRIVACIDAD, ID_TIPO_PREGUNTA, ID_PROFESOR, ID_BANCO)
VALUES (3, '¿Cuál es la derivada de la función f(x) = x^2?', 10, INTERVAL '5' MINUTE, 1, 3, 3, 3);

INSERT INTO PREGUNTAS (ID_PREGUNTA, TEXTO_PREGUNTA, PORCENTAJE_GENERAL, TIEMPO, ID_PRIVACIDAD, ID_TIPO_PREGUNTA, ID_PROFESOR, ID_BANCO)
VALUES (4, '¿Qué es una reacción química?', 10, INTERVAL '5' MINUTE, 1, 4, 4, 4);

INSERT INTO PREGUNTAS (ID_PREGUNTA, TEXTO_PREGUNTA, PORCENTAJE_GENERAL, TIEMPO, ID_PRIVACIDAD, ID_TIPO_PREGUNTA, ID_PROFESOR, ID_BANCO)
VALUES (5, '¿Cuál es la estructura del átomo de hidrógeno?', 10, INTERVAL '5' MINUTE, 1, 5, 5, 5);

INSERT INTO PREGUNTAS (ID_PREGUNTA, TEXTO_PREGUNTA, PORCENTAJE_GENERAL, TIEMPO, ID_PRIVACIDAD, ID_TIPO_PREGUNTA, ID_PROFESOR, ID_BANCO)
VALUES (6, '¿Cuál es la ecuación general de la recta en el plano?', 10, INTERVAL '5' MINUTE, 1, 1, 1, 1);

INSERT INTO PREGUNTAS (ID_PREGUNTA, TEXTO_PREGUNTA, PORCENTAJE_GENERAL, TIEMPO, ID_PRIVACIDAD, ID_TIPO_PREGUNTA, ID_PROFESOR, ID_BANCO)
VALUES (7, '¿Cuál es el producto escalar entre dos vectores?', 10, INTERVAL '5' MINUTE, 1, 1, 2, 2);

INSERT INTO PREGUNTAS (ID_PREGUNTA, TEXTO_PREGUNTA, PORCENTAJE_GENERAL, TIEMPO, ID_PRIVACIDAD, ID_TIPO_PREGUNTA, ID_PROFESOR, ID_BANCO)
VALUES (8, '¿Cuál es la definición de límite de una función en un punto?', 10, INTERVAL '5' MINUTE, 1, 1, 3, 3);

INSERT INTO PREGUNTAS (ID_PREGUNTA, TEXTO_PREGUNTA, PORCENTAJE_GENERAL, TIEMPO, ID_PRIVACIDAD, ID_TIPO_PREGUNTA, ID_PROFESOR, ID_BANCO)
VALUES (9, '¿Cuál es la integral definida de una función continua en un intervalo cerrado?', 10, INTERVAL '5' MINUTE, 1, 1, 4, 4);

INSERT INTO PREGUNTAS (ID_PREGUNTA, TEXTO_PREGUNTA, PORCENTAJE_GENERAL, TIEMPO, ID_PRIVACIDAD, ID_TIPO_PREGUNTA, ID_PROFESOR, ID_BANCO)
VALUES (10, '¿Cuál es el principio fundamental de la química?', 10, INTERVAL '5' MINUTE, 1, 1, 5, 5);

INSERT INTO PREGUNTAS (ID_PREGUNTA, TEXTO_PREGUNTA, PORCENTAJE_GENERAL, TIEMPO, ID_PRIVACIDAD, ID_TIPO_PREGUNTA, ID_PROFESOR, ID_BANCO)
VALUES (11, '¿Cuál es la nomenclatura de un alcano?', 10, INTERVAL '5' MINUTE, 1, 1, 6, 6);

INSERT INTO PREGUNTAS (ID_PREGUNTA, TEXTO_PREGUNTA, PORCENTAJE_GENERAL, TIEMPO, ID_PRIVACIDAD, ID_TIPO_PREGUNTA, ID_PROFESOR, ID_BANCO)
VALUES (12, '¿Cuál es la fuerza que mantiene a los planetas en órbita alrededor del Sol?', 10, INTERVAL '5' MINUTE, 1, 1, 7, 7);

INSERT INTO PREGUNTAS (ID_PREGUNTA, TEXTO_PREGUNTA, PORCENTAJE_GENERAL, TIEMPO, ID_PRIVACIDAD, ID_TIPO_PREGUNTA, ID_PROFESOR, ID_BANCO)
VALUES (13, '¿Cuál es el principio de la relatividad?', 10, INTERVAL '5' MINUTE, 1, 1, 8, 8);

INSERT INTO PREGUNTAS (ID_PREGUNTA, TEXTO_PREGUNTA, PORCENTAJE_GENERAL, TIEMPO, ID_PRIVACIDAD, ID_TIPO_PREGUNTA, ID_PROFESOR, ID_BANCO)
VALUES (14, '¿Cuál es la estructura básica de una célula eucariota?', 10, INTERVAL '5' MINUTE, 1, 1, 9, 9);

INSERT INTO PREGUNTAS (ID_PREGUNTA, TEXTO_PREGUNTA, PORCENTAJE_GENERAL, TIEMPO, ID_PRIVACIDAD, ID_TIPO_PREGUNTA, ID_PROFESOR, ID_BANCO)
VALUES (15, '¿Qué es un alelo?', 10, INTERVAL '5' MINUTE, 1, 1, 10, 10);

INSERT INTO PREGUNTAS (ID_PREGUNTA, TEXTO_PREGUNTA, PORCENTAJE_GENERAL, TIEMPO, ID_PRIVACIDAD, ID_TIPO_PREGUNTA, ID_PROFESOR, ID_BANCO)
VALUES (16, '¿Cuál es el evento histórico que marcó el fin de la Edad Media?', 10, INTERVAL '5' MINUTE, 1, 1, 11, 11);

INSERT INTO PREGUNTAS (ID_PREGUNTA, TEXTO_PREGUNTA, PORCENTAJE_GENERAL, TIEMPO, ID_PRIVACIDAD, ID_TIPO_PREGUNTA, ID_PROFESOR, ID_BANCO)
VALUES (17, '¿Cuál es la importancia del Feudalismo en la Edad Media?', 10, INTERVAL '5' MINUTE, 1, 1, 12, 12);

INSERT INTO PREGUNTAS (ID_PREGUNTA, TEXTO_PREGUNTA, PORCENTAJE_GENERAL, TIEMPO, ID_PRIVACIDAD, ID_TIPO_PREGUNTA, ID_PROFESOR, ID_BANCO)
VALUES (18, '¿Cuál es el efecto de la Revolución Industrial en la sociedad?', 10, INTERVAL '5' MINUTE, 1, 1, 13, 13);

INSERT INTO PREGUNTAS (ID_PREGUNTA, TEXTO_PREGUNTA, PORCENTAJE_GENERAL, TIEMPO, ID_PRIVACIDAD, ID_TIPO_PREGUNTA, ID_PROFESOR, ID_BANCO)
VALUES (19, '¿Cuál es la causa principal de la Primera Guerra Mundial?', 10, INTERVAL '5' MINUTE, 1, 1, 14, 14);

INSERT INTO PREGUNTAS (ID_PREGUNTA, TEXTO_PREGUNTA, PORCENTAJE_GENERAL, TIEMPO, ID_PRIVACIDAD, ID_TIPO_PREGUNTA, ID_PROFESOR, ID_BANCO)
VALUES (20, '¿Cuál es el autor de la obra "La Odisea"?', 10, INTERVAL '5' MINUTE, 1, 1, 15, 15);

INSERT INTO PREGUNTAS (ID_PREGUNTA, TEXTO_PREGUNTA, PORCENTAJE_GENERAL, TIEMPO, ID_PRIVACIDAD, ID_TIPO_PREGUNTA, ID_PROFESOR, ID_BANCO)
VALUES (21, '¿Cuál es la estructura básica de un árbol binario?', 10, INTERVAL '5' MINUTE, 1, 1, 16, 16);

INSERT INTO PREGUNTAS (ID_PREGUNTA, TEXTO_PREGUNTA, PORCENTAJE_GENERAL, TIEMPO, ID_PRIVACIDAD, ID_TIPO_PREGUNTA, ID_PROFESOR, ID_BANCO)
VALUES (22, '¿Cuál es el algoritmo de ordenamiento más eficiente en promedio?', 10, INTERVAL '5' MINUTE, 1, 1, 17, 17);

INSERT INTO PREGUNTAS (ID_PREGUNTA, TEXTO_PREGUNTA, PORCENTAJE_GENERAL, TIEMPO, ID_PRIVACIDAD, ID_TIPO_PREGUNTA, ID_PROFESOR, ID_BANCO)
VALUES (23, '¿Cuál es el modelo de datos más comúnmente utilizado en la actualidad?', 10, INTERVAL '5' MINUTE, 1, 1, 18, 18);

INSERT INTO PREGUNTAS (ID_PREGUNTA, TEXTO_PREGUNTA, PORCENTAJE_GENERAL, TIEMPO, ID_PRIVACIDAD, ID_TIPO_PREGUNTA, ID_PROFESOR, ID_BANCO)
VALUES (24, '¿Cuál es el protocolo de Internet utilizado para enviar correos electrónicos?', 10, INTERVAL '5' MINUTE, 1, 1, 19, 19);

INSERT INTO PREGUNTAS (ID_PREGUNTA, TEXTO_PREGUNTA, PORCENTAJE_GENERAL, TIEMPO, ID_PRIVACIDAD, ID_TIPO_PREGUNTA, ID_PROFESOR, ID_BANCO)
VALUES (25, '¿Cuál es el sistema de archivos más utilizado en sistemas operativos modernos?', 10, INTERVAL '5' MINUTE, 1, 1, 20, 20);


INSERT INTO OPCIONES_RESPUESTA (ID_OPCION_RESPUESTA, TEXTO_RESPUESTA, CORRECTA, ID_PREGUNTA)
VALUES (1, 'A = (base * altura) / 2', 1, 1);

INSERT INTO OPCIONES_RESPUESTA (ID_OPCION_RESPUESTA, TEXTO_RESPUESTA, CORRECTA, ID_PREGUNTA)
VALUES (2, 'A = base * altura', 0, 1);

INSERT INTO OPCIONES_RESPUESTA (ID_OPCION_RESPUESTA, TEXTO_RESPUESTA, CORRECTA, ID_PREGUNTA)
VALUES (3, 'A = lado * lado', 0, 1);

INSERT INTO OPCIONES_RESPUESTA (ID_OPCION_RESPUESTA, TEXTO_RESPUESTA, CORRECTA, ID_PREGUNTA)
VALUES (4, 'A = (base + altura) / 2', 0, 1);

INSERT INTO OPCIONES_RESPUESTA (ID_OPCION_RESPUESTA, TEXTO_RESPUESTA, CORRECTA, ID_PREGUNTA)
VALUES (5, 'Ax + By + C = 0', 1, 6);

INSERT INTO OPCIONES_RESPUESTA (ID_OPCION_RESPUESTA, TEXTO_RESPUESTA, CORRECTA, ID_PREGUNTA)
VALUES (6, 'y = mx + b', 0, 6);

INSERT INTO OPCIONES_RESPUESTA (ID_OPCION_RESPUESTA, TEXTO_RESPUESTA, CORRECTA, ID_PREGUNTA)
VALUES (7, 'x = a', 0, 6);

INSERT INTO OPCIONES_RESPUESTA (ID_OPCION_RESPUESTA, TEXTO_RESPUESTA, CORRECTA, ID_PREGUNTA)
VALUES (8, 'y = a(x - h)^2 + k', 0, 6);

INSERT INTO OPCIONES_RESPUESTA (ID_OPCION_RESPUESTA, TEXTO_RESPUESTA, CORRECTA, ID_PREGUNTA)
VALUES (9, '|A||B|cos(?)', 1, 7);

INSERT INTO OPCIONES_RESPUESTA (ID_OPCION_RESPUESTA, TEXTO_RESPUESTA, CORRECTA, ID_PREGUNTA)
VALUES (10, '|A|+|B|', 0, 7);

INSERT INTO OPCIONES_RESPUESTA (ID_OPCION_RESPUESTA, TEXTO_RESPUESTA, CORRECTA, ID_PREGUNTA)
VALUES (11, '|A|-|B|', 0, 7);

INSERT INTO OPCIONES_RESPUESTA (ID_OPCION_RESPUESTA, TEXTO_RESPUESTA, CORRECTA, ID_PREGUNTA)
VALUES (12, 'ABcos(?)', 0, 7);

INSERT INTO OPCIONES_RESPUESTA (ID_OPCION_RESPUESTA, TEXTO_RESPUESTA, CORRECTA, ID_PREGUNTA)
VALUES (13, 'Un número real L tal que para cualquier ? > 0, existe ? > 0 tal que si 0 < |x - c| < ?, entonces |f(x) - L| < ?.', 1, 8);

INSERT INTO OPCIONES_RESPUESTA (ID_OPCION_RESPUESTA, TEXTO_RESPUESTA, CORRECTA, ID_PREGUNTA)
VALUES (14, 'El valor de la función en ese punto.', 0, 8);

INSERT INTO OPCIONES_RESPUESTA (ID_OPCION_RESPUESTA, TEXTO_RESPUESTA, CORRECTA, ID_PREGUNTA)
VALUES (15, 'La derivada de la función en ese punto.', 0, 8);

INSERT INTO OPCIONES_RESPUESTA (ID_OPCION_RESPUESTA, TEXTO_RESPUESTA, CORRECTA, ID_PREGUNTA)
VALUES (16, 'El límite de la función en ese punto.', 0, 8);

INSERT INTO OPCIONES_RESPUESTA (ID_OPCION_RESPUESTA, TEXTO_RESPUESTA, CORRECTA, ID_PREGUNTA)
VALUES (17, 'El límite, cuando n tiende a infinito, de la suma de las áreas de los rectángulos.', 1, 9);

INSERT INTO OPCIONES_RESPUESTA (ID_OPCION_RESPUESTA, TEXTO_RESPUESTA, CORRECTA, ID_PREGUNTA)
VALUES (18, 'La suma de las áreas de los rectángulos de igual base y altura, inscritos en la región bajo la curva de la función.', 0, 9);

INSERT INTO OPCIONES_RESPUESTA (ID_OPCION_RESPUESTA, TEXTO_RESPUESTA, CORRECTA, ID_PREGUNTA)
VALUES (19, 'La suma de las áreas de los triángulos de igual base y altura, inscritos en la región bajo la curva de la función.', 0, 9);

INSERT INTO OPCIONES_RESPUESTA (ID_OPCION_RESPUESTA, TEXTO_RESPUESTA, CORRECTA, ID_PREGUNTA)
VALUES (20, 'El límite de la suma de las áreas de los rectángulos cuando el número de rectángulos tiende a infinito.', 0, 9);

INSERT INTO OPCIONES_RESPUESTA (ID_OPCION_RESPUESTA, TEXTO_RESPUESTA, CORRECTA, ID_PREGUNTA)
VALUES (21, 'La materia está formada por partículas indivisibles llamadas átomos.', 1, 10);

INSERT INTO OPCIONES_RESPUESTA (ID_OPCION_RESPUESTA, TEXTO_RESPUESTA, CORRECTA, ID_PREGUNTA)
VALUES (22, 'La energía no se crea ni se destruye, sólo se transforma.', 0, 10);

INSERT INTO OPCIONES_RESPUESTA (ID_OPCION_RESPUESTA, TEXTO_RESPUESTA, CORRECTA, ID_PREGUNTA)
VALUES (23, 'Los átomos se combinan en proporciones fijas para formar compuestos.', 0, 10);

INSERT INTO OPCIONES_RESPUESTA (ID_OPCION_RESPUESTA, TEXTO_RESPUESTA, CORRECTA, ID_PREGUNTA)
VALUES (24, 'La masa de un elemento es proporcional a la cantidad de sustancia presente.', 0, 10);

INSERT INTO OPCIONES_RESPUESTA (ID_OPCION_RESPUESTA, TEXTO_RESPUESTA, CORRECTA, ID_PREGUNTA)
VALUES (25, 'Prefijo + sufijo + "ano"', 1, 11);

INSERT INTO OPCIONES_RESPUESTA (ID_OPCION_RESPUESTA, TEXTO_RESPUESTA, CORRECTA, ID_PREGUNTA)
VALUES (26, 'Prefijo + sufijo + "eno"', 0, 11);

INSERT INTO OPCIONES_RESPUESTA (ID_OPCION_RESPUESTA, TEXTO_RESPUESTA, CORRECTA, ID_PREGUNTA)
VALUES (27, 'Sufijo + prefijo + "ano"', 0, 11);

INSERT INTO OPCIONES_RESPUESTA (ID_OPCION_RESPUESTA, TEXTO_RESPUESTA, CORRECTA, ID_PREGUNTA)
VALUES (28, 'Sufijo + prefijo + "eno"', 0, 11);

INSERT INTO OPCIONES_RESPUESTA (ID_OPCION_RESPUESTA, TEXTO_RESPUESTA, CORRECTA, ID_PREGUNTA)
VALUES (29, 'Gravedad', 1, 12);

INSERT INTO OPCIONES_RESPUESTA (ID_OPCION_RESPUESTA, TEXTO_RESPUESTA, CORRECTA, ID_PREGUNTA)
VALUES (30, 'Fuerza electromagnética', 0, 12);

INSERT INTO OPCIONES_RESPUESTA (ID_OPCION_RESPUESTA, TEXTO_RESPUESTA, CORRECTA, ID_PREGUNTA)
VALUES (31, 'Fuerza nuclear', 0, 12);

INSERT INTO OPCIONES_RESPUESTA (ID_OPCION_RESPUESTA, TEXTO_RESPUESTA, CORRECTA, ID_PREGUNTA)
VALUES (32, 'Fuerza centrífuga', 0, 12);


INSERT INTO PREGUNTA_EXAMEN (ID_PREGUNTA, ID_EXAMEN)
VALUES (1, 1);

INSERT INTO PREGUNTA_EXAMEN (ID_PREGUNTA, ID_EXAMEN)
VALUES (2, 1);

INSERT INTO PREGUNTA_EXAMEN (ID_PREGUNTA, ID_EXAMEN)
VALUES (3, 1);

INSERT INTO PREGUNTA_EXAMEN (ID_PREGUNTA, ID_EXAMEN)
VALUES (4, 1);

INSERT INTO PREGUNTA_EXAMEN (ID_PREGUNTA, ID_EXAMEN)
VALUES (5, 2);

INSERT INTO PREGUNTA_EXAMEN (ID_PREGUNTA, ID_EXAMEN)
VALUES (6, 2);

INSERT INTO PREGUNTA_EXAMEN (ID_PREGUNTA, ID_EXAMEN)
VALUES (7, 2);

INSERT INTO PREGUNTA_EXAMEN (ID_PREGUNTA, ID_EXAMEN)
VALUES (8, 2);

INSERT INTO PREGUNTA_EXAMEN (ID_PREGUNTA, ID_EXAMEN)
VALUES (9, 3);

INSERT INTO PREGUNTA_EXAMEN (ID_PREGUNTA, ID_EXAMEN)
VALUES (10, 3);

INSERT INTO PREGUNTA_EXAMEN (ID_PREGUNTA, ID_EXAMEN)
VALUES (11, 3);

INSERT INTO PREGUNTA_EXAMEN (ID_PREGUNTA, ID_EXAMEN)
VALUES (12, 3);

INSERT INTO PREGUNTA_EXAMEN (ID_PREGUNTA, ID_EXAMEN)
VALUES (13, 4);

INSERT INTO PREGUNTA_EXAMEN (ID_PREGUNTA, ID_EXAMEN)
VALUES (14, 4);

INSERT INTO PREGUNTA_EXAMEN (ID_PREGUNTA, ID_EXAMEN)
VALUES (15, 4);

INSERT INTO PREGUNTA_EXAMEN (ID_PREGUNTA, ID_EXAMEN)
VALUES (16, 4);

INSERT INTO PREGUNTA_EXAMEN (ID_PREGUNTA, ID_EXAMEN)
VALUES (17, 5);

INSERT INTO PREGUNTA_EXAMEN (ID_PREGUNTA, ID_EXAMEN)
VALUES (18, 5);

INSERT INTO PREGUNTA_EXAMEN (ID_PREGUNTA, ID_EXAMEN)
VALUES (19, 5);

INSERT INTO PREGUNTA_EXAMEN (ID_PREGUNTA, ID_EXAMEN)
VALUES (20, 5);

INSERT INTO PREGUNTA_EXAMEN (ID_PREGUNTA, ID_EXAMEN)
VALUES (1, 11);

INSERT INTO PREGUNTA_EXAMEN (ID_PREGUNTA, ID_EXAMEN)
VALUES (2, 11);

INSERT INTO PREGUNTA_EXAMEN (ID_PREGUNTA, ID_EXAMEN)
VALUES (3, 11);

INSERT INTO PREGUNTA_EXAMEN (ID_PREGUNTA, ID_EXAMEN)
VALUES (4, 12);

INSERT INTO PREGUNTA_EXAMEN (ID_PREGUNTA, ID_EXAMEN)
VALUES (5, 12);

INSERT INTO PREGUNTA_EXAMEN (ID_PREGUNTA, ID_EXAMEN)
VALUES (6, 12);

INSERT INTO PREGUNTA_EXAMEN (ID_PREGUNTA, ID_EXAMEN)
VALUES (7, 13);

INSERT INTO PREGUNTA_EXAMEN (ID_PREGUNTA, ID_EXAMEN)
VALUES (8, 13);

INSERT INTO PREGUNTA_EXAMEN (ID_PREGUNTA, ID_EXAMEN)
VALUES (9, 13);

INSERT INTO PREGUNTA_EXAMEN (ID_PREGUNTA, ID_EXAMEN)
VALUES (10, 14);

INSERT INTO PREGUNTA_EXAMEN (ID_PREGUNTA, ID_EXAMEN)
VALUES (11, 14);

INSERT INTO PREGUNTA_EXAMEN (ID_PREGUNTA, ID_EXAMEN)
VALUES (12, 14);

INSERT INTO PREGUNTA_EXAMEN (ID_PREGUNTA, ID_EXAMEN)
VALUES (13, 15);

INSERT INTO PREGUNTA_EXAMEN (ID_PREGUNTA, ID_EXAMEN)
VALUES (14, 15);

INSERT INTO PREGUNTA_EXAMEN (ID_PREGUNTA, ID_EXAMEN)
VALUES (15, 15);

INSERT INTO PREGUNTA_EXAMEN (ID_PREGUNTA, ID_EXAMEN)
VALUES (16, 16);

INSERT INTO PREGUNTA_EXAMEN (ID_PREGUNTA, ID_EXAMEN)
VALUES (17, 16);

INSERT INTO PREGUNTA_EXAMEN (ID_PREGUNTA, ID_EXAMEN)
VALUES (18, 16);

INSERT INTO PREGUNTA_EXAMEN (ID_PREGUNTA, ID_EXAMEN)
VALUES (19, 17);

INSERT INTO PREGUNTA_EXAMEN (ID_PREGUNTA, ID_EXAMEN)
VALUES (20, 17);
